[{"product_name":"Milk","quantity":"4","price":"40","datetime_submitted":"2024-03-02T16:12:57.517194Z","total_value":160},{"product_name":"Milk","quantity":"5","price":"40","datetime_submitted":"2024-03-02T16:14:48.208001Z","total_value":200},{"product_name":"Milk","quantity":"5","price":"40","datetime_submitted":"2024-03-02T16:16:15.437167Z","total_value":200},{"product_name":"Milk","quantity":"4","price":"40","datetime_submitted":"2024-03-02T16:18:13.479442Z","total_value":160},{"product_name":"Milk","quantity":"40","price":"40","datetime_submitted":"2024-03-02T16:21:32.603667Z","total_value":1600}]